{"joint_0": {"frequency": 1.7639265407191789, "amplitude": 0.15689835509987943, "phase": 0}, "joint_1": {"frequency": 1.7639265407191789, "amplitude": 0.406695725520202, "phase": 0}, "joint_2": {"frequency": 1.7639265407191789, "amplitude": 0.4771613915463083, "phase": 3.141592653589793}, "joint_3": {"frequency": 1.7639265407191789, "amplitude": 0.839963228145807, "phase": 0}}